City_ID,City,Country,Date,Lat,Lng,Max Temp,Humidity,Cloudiness,Wind Speed
0,Yerbogachen,RU,2022-04-06 22:35:55,61.2767,108.0108,28.22,98,100,3.69
1,Beloha,MG,2022-04-06 22:35:57,-25.1667,45.05,72.07,94,22,1.57
2,New Norfolk,AU,2022-04-06 22:35:57,-42.7826,147.0587,51.93,69,0,2.06
3,Arraial Do Cabo,BR,2022-04-06 22:35:58,-22.9661,-42.0278,75.16,94,75,11.5
4,Domoni,KM,2022-04-06 22:35:58,-12.2569,44.5319,79.11,83,73,2.8
5,Ushuaia,AR,2022-04-06 22:35:58,-54.8,-68.3,40.66,70,40,23.02
6,Saint-Pierre,RE,2022-04-06 22:35:59,-21.3393,55.4781,78.48,81,100,17.27
7,Tuktoyaktuk,CA,2022-04-06 22:35:59,69.4541,-133.0374,12.2,73,75,9.22
8,College,US,2022-04-06 22:36:00,64.8569,-147.8028,42.75,48,75,10.36
9,Mataura,NZ,2022-04-06 22:36:00,-46.1927,168.8643,50.0,60,96,3.49
10,Longyearbyen,SJ,2022-04-06 22:36:00,78.2186,15.6401,10.24,72,0,16.11
11,Plettenberg Bay,ZA,2022-04-06 22:36:01,-34.0527,23.3716,56.98,78,67,15.88
12,Roald,NO,2022-04-06 22:36:01,62.5833,6.1333,33.75,80,0,11.5
13,Dikson,RU,2022-04-06 22:36:02,73.5069,80.5464,-1.53,98,99,15.23
14,Tigzirt,DZ,2022-04-06 22:36:02,36.8886,4.1198,54.88,81,81,15.35
15,Veraval,IN,2022-04-06 22:36:02,20.9,70.3667,78.62,70,40,12.1
16,Albany,US,2022-04-06 22:31:56,42.6001,-73.9662,56.05,83,100,3.8
17,Rikitea,PF,2022-04-06 22:31:26,-23.1203,-134.9692,78.75,69,56,10.87
18,Cape Town,ZA,2022-04-06 22:36:03,-33.9258,18.4232,57.61,76,40,4.61
19,George,ZA,2022-04-06 22:36:04,-33.963,22.4617,53.15,76,40,11.5
20,Tasiilaq,GL,2022-04-06 22:36:04,65.6145,-37.6368,24.96,95,82,5.12
21,Dunedin,NZ,2022-04-06 22:32:27,-45.8742,170.5036,51.8,56,89,11.99
22,Durazno,UY,2022-04-06 22:36:04,-33.4131,-56.5006,66.11,80,0,4.85
23,Qaanaaq,GL,2022-04-06 22:36:05,77.484,-69.3632,5.16,94,99,4.68
24,Pirapemas,BR,2022-04-06 22:36:05,-3.7267,-44.2233,73.42,99,99,2.73
25,Punta Arenas,CL,2022-04-06 22:34:03,-53.15,-70.9167,44.71,61,0,5.75
26,Hilo,US,2022-04-06 22:34:34,19.7297,-155.09,72.63,94,100,8.05
27,Avarua,CK,2022-04-06 22:36:06,-21.2078,-159.775,84.25,79,40,16.11
28,Esperance,AU,2022-04-06 22:36:06,-33.8667,121.9,60.64,82,69,11.56
29,Eyl,SO,2022-04-06 22:36:06,7.9803,49.8164,77.68,77,2,10.11
30,Kodiak,US,2022-04-06 22:36:07,57.79,-152.4072,38.71,81,100,12.66
31,Yarim,YE,2022-04-06 22:36:07,14.298,44.3779,55.15,16,0,5.19
32,Hobart,AU,2022-04-06 22:36:07,-42.8794,147.3294,52.27,85,0,6.91
33,Kurchum,KZ,2022-04-06 22:36:08,48.5722,83.6542,46.24,49,100,2.86
34,Surt,LY,2022-04-06 22:36:08,31.2089,16.5887,68.18,68,63,6.76
35,Huarmey,PE,2022-04-06 22:36:09,-10.0681,-78.1522,71.83,79,59,11.34
36,Natal,BR,2022-04-06 22:31:59,-5.795,-35.2094,80.82,89,40,8.05
37,Hirara,JP,2022-04-06 22:36:09,24.8,125.2833,64.67,82,20,5.75
38,Georgetown,MY,2022-04-06 22:33:11,5.4112,100.3354,78.73,98,20,2.3
39,Busselton,AU,2022-04-06 22:31:23,-33.65,115.3333,61.03,61,10,7.54
40,Kapoeta,SS,2022-04-06 22:36:10,4.7717,33.5903,85.19,39,30,17.63
41,Ternate,ID,2022-04-06 22:36:10,0.8,127.4,82.08,77,100,8.46
42,Butaritari,KI,2022-04-06 22:36:11,3.0707,172.7902,81.52,76,97,19.75
43,Lebu,CL,2022-04-06 22:36:11,-37.6167,-73.65,57.38,89,85,5.64
44,Hermanus,ZA,2022-04-06 22:37:12,-34.4187,19.2345,53.8,67,98,9.64
45,Kushiro,JP,2022-04-06 22:37:12,42.975,144.3747,36.55,60,75,2.3
46,Barrow,US,2022-04-06 22:37:13,71.2906,-156.7887,-9.38,70,0,8.05
47,Yingkou,CN,2022-04-06 22:37:13,40.6648,122.2283,41.52,64,44,14.45
48,Atuona,PF,2022-04-06 22:37:14,-9.8,-139.0333,79.38,75,11,15.5
49,Manmad,IN,2022-04-06 22:37:14,20.25,74.45,83.62,16,14,10.63
50,Jamestown,US,2022-04-06 22:32:51,42.097,-79.2353,57.52,59,100,17.27
51,Castro,BR,2022-04-06 22:37:15,-24.7911,-50.0119,64.38,93,46,2.35
52,Port Elizabeth,ZA,2022-04-06 22:37:15,-33.918,25.5701,59.29,77,0,14.97
53,Chuy,UY,2022-04-06 22:37:16,-33.6971,-53.4616,61.92,80,0,8.08
54,Bartoszyce,PL,2022-04-06 22:37:16,54.2535,20.8082,45.88,88,100,14.29
55,Pedreiras,BR,2022-04-06 22:37:16,-4.5688,-44.6003,74.3,97,73,2.62
56,Isla Mujeres,MX,2022-04-06 22:37:17,21.2311,-86.731,86.16,81,0,16.13
57,Airai,TL,2022-04-06 22:37:17,-8.9266,125.4092,63.66,79,45,1.63
58,Kapaa,US,2022-04-06 22:35:42,22.0752,-159.319,80.58,70,0,18.41
59,Saint-Philippe,RE,2022-04-06 22:37:18,-21.3585,55.7679,78.39,80,90,10.8
60,Nordfjordeid,NO,2022-04-06 22:37:18,61.9063,5.9915,30.88,64,32,6.91
61,Severo-Kurilsk,RU,2022-04-06 22:37:18,50.6789,156.125,35.11,91,99,14.47
62,Margate,GB,2022-04-06 22:37:19,51.3813,1.3862,50.31,78,100,8.99
63,Mareeba,AU,2022-04-06 22:37:19,-17.0,145.4333,77.43,79,93,2.42
64,Yagodnoye,RU,2022-04-06 22:37:19,62.55,149.6667,3.7,93,100,1.34
65,Chato,TZ,2022-04-06 22:37:20,-2.6378,31.7669,64.36,90,61,5.73
66,Qasigiannguit,GL,2022-04-06 22:37:20,68.8193,-51.1922,19.06,96,100,5.06
67,Staunton,US,2022-04-06 22:37:20,38.1496,-79.0717,65.52,52,40,3.44
68,Victoria,HK,2022-04-06 22:37:15,22.2855,114.1577,72.18,80,78,8.99
69,Jiwani,PK,2022-04-06 22:37:21,25.05,61.7417,78.87,80,0,8.9
70,Aklavik,CA,2022-04-06 22:37:21,68.2191,-135.0107,21.2,45,20,8.05
71,Santa Cruz Del Sur,CU,2022-04-06 22:37:22,20.7147,-77.9956,81.68,73,1,10.63
72,Tomatlan,MX,2022-04-06 22:37:22,19.9333,-105.25,84.27,45,90,10.74
73,Oranjemund,NA,2022-04-06 22:37:23,-28.55,16.4333,59.18,85,100,19.98
74,Acapulco,MX,2022-04-06 22:37:23,16.8634,-99.8901,80.42,69,75,17.27
75,Khatanga,RU,2022-04-06 22:37:24,71.9667,102.5,12.47,83,100,17.9
76,Saskylakh,RU,2022-04-06 22:37:24,71.9167,114.0833,-16.65,99,72,5.95
77,Vaini,TO,2022-04-06 22:37:24,-21.2,-175.2,82.56,78,75,4.61
78,Kyrylivka,UA,2022-04-06 22:37:25,46.3759,35.3675,45.09,84,28,6.29
79,Asyut,EG,2022-04-06 22:37:25,27.181,31.1837,77.18,15,2,6.55
80,Srivardhan,IN,2022-04-06 22:37:25,18.0333,73.0167,77.85,83,22,0.31
81,Pevek,RU,2022-04-06 22:37:26,69.7008,170.3133,-8.84,96,100,6.22
82,Tahe,CN,2022-04-06 22:37:26,52.3333,124.7333,20.17,60,34,12.53
83,Palmer,US,2022-04-06 22:37:27,42.1584,-72.3287,49.57,76,100,6.91
84,Palu,ID,2022-04-06 22:37:27,-0.8917,119.8707,75.6,88,97,2.44
85,Nome,US,2022-04-06 22:37:27,64.5011,-165.4064,6.17,72,100,6.91
86,Saldanha,ZA,2022-04-06 22:37:28,-33.0117,17.9442,59.88,58,46,17.34
87,Hasaki,JP,2022-04-06 22:37:28,35.7333,140.8333,55.8,76,99,22.53
88,Lavrentiya,RU,2022-04-06 22:37:28,65.5833,-171.0,-3.68,69,100,7.9
89,Hami,CN,2022-04-06 22:38:29,42.8,93.45,60.04,17,1,2.51
90,Fort William,GB,2022-04-06 22:38:30,56.8165,-5.1121,40.3,91,66,5.55
91,Piedecuesta,CO,2022-04-06 22:38:30,6.9879,-73.0495,74.52,94,99,3.06
92,Maniitsoq,GL,2022-04-06 22:38:30,65.4167,-52.9,23.77,89,100,15.1
93,Kumluca,TR,2022-04-06 22:38:31,36.3703,30.2869,66.09,53,16,3.78
94,Ambulu,ID,2022-04-06 22:38:31,-8.345,113.6058,76.1,88,84,1.3
95,Yellowknife,CA,2022-04-06 22:35:01,62.456,-114.3525,35.42,74,75,6.91
96,Hobyo,SO,2022-04-06 22:38:31,5.3505,48.5268,80.17,71,4,12.17
97,Verkhoyansk,RU,2022-04-06 22:38:32,67.5447,133.385,0.52,94,100,0.98
98,Zarya,RU,2022-04-06 22:38:32,55.7553,38.0958,28.78,88,67,7.52
99,Sobolevo,RU,2022-04-06 22:38:33,54.4299,31.8996,32.65,98,100,11.72
100,Upernavik,GL,2022-04-06 22:38:33,72.7868,-56.1549,-3.86,99,66,9.01
101,Garowe,SO,2022-04-06 22:38:33,8.4054,48.4845,69.91,83,0,6.6
102,Khani,GE,2022-04-06 22:38:34,41.9563,42.9566,36.97,95,83,6.87
103,Sao Filipe,CV,2022-04-06 22:38:34,14.8961,-24.4956,72.41,73,4,11.27
104,Santa Luzia,BR,2022-04-06 22:38:34,-19.7697,-43.8514,79.88,63,0,9.22
105,Kaitangata,NZ,2022-04-06 22:38:35,-46.2817,169.8464,51.35,59,96,6.58
106,Badhni Kalan,IN,2022-04-06 22:38:35,30.6833,75.2833,73.45,12,0,0.89
107,San Quintin,MX,2022-04-06 22:38:36,30.4833,-115.95,68.95,60,0,6.62
108,Christchurch,NZ,2022-04-06 22:38:36,-43.5333,172.6333,54.32,73,75,13.8
109,Carnarvon,AU,2022-04-06 22:38:37,-24.8667,113.6333,73.47,88,5,5.75
110,Kavieng,PG,2022-04-06 22:38:37,-2.5744,150.7967,78.62,86,100,2.71
111,Peniche,PT,2022-04-06 22:38:37,39.3558,-9.3811,56.1,77,43,11.52
112,Zenzeli,RU,2022-04-06 22:38:38,45.9241,47.0474,47.23,60,11,7.81
113,Bethel,US,2022-04-06 22:38:38,41.3712,-73.414,51.67,87,100,5.01
114,San Patricio,US,2022-04-06 22:38:38,28.017,-97.5169,87.75,29,0,21.25
115,Strezhevoy,RU,2022-04-06 22:38:39,60.7333,77.5889,24.98,87,93,16.93
116,Kahului,US,2022-04-06 22:38:39,20.8947,-156.47,82.42,59,40,20.71
117,Miram Shah,PK,2022-04-06 22:38:39,33.0086,70.0697,72.75,15,0,7.25
118,Kudahuvadhoo,MV,2022-04-06 22:38:40,2.6708,72.8944,82.99,69,40,4.81
119,Frohnleiten,AT,2022-04-06 22:38:40,47.2667,15.3167,51.15,91,76,5.26
120,Sitka,US,2022-04-06 22:38:40,57.0531,-135.33,44.49,45,100,21.85
121,Cranbourne,AU,2022-04-06 22:38:41,-38.1,145.2833,63.41,74,19,11.01
122,Sortavala,RU,2022-04-06 22:38:41,61.7053,30.6918,23.11,94,94,5.91
123,Borba,BR,2022-04-06 22:38:42,-4.3878,-59.5939,75.63,96,55,2.64
124,Alofi,NU,2022-04-06 22:38:42,-19.0595,-169.9187,84.09,74,75,9.22
125,Kavaratti,IN,2022-04-06 22:38:42,10.5669,72.642,82.49,75,76,7.52
126,Paraiso,CR,2022-04-06 22:35:08,9.8383,-83.8656,70.41,93,98,2.91
127,Manaskent,RU,2022-04-06 22:38:43,42.7275,47.6785,51.17,66,98,13.42
128,Bengkulu,ID,2022-04-06 22:38:43,-3.8004,102.2655,74.25,88,99,5.03
129,Iqaluit,CA,2022-04-06 22:38:43,63.7506,-68.5145,4.73,71,40,17.27
130,Praia,CV,2022-04-06 22:38:44,14.9215,-23.5087,70.34,73,40,20.71
131,Tuensang,IN,2022-04-06 22:38:44,26.2833,94.8333,60.64,72,20,3.8
132,Dingle,PH,2022-04-06 22:39:45,10.9995,122.6711,76.1,90,100,6.2
133,Kruisfontein,ZA,2022-04-06 22:39:45,-34.0033,24.7314,55.89,69,65,19.75
134,Requena,ES,2022-04-06 22:39:45,39.4883,-1.1004,41.47,81,9,8.55
135,Katsuura,JP,2022-04-06 22:39:46,35.1333,140.3,57.33,78,93,17.2
136,Vetluga,RU,2022-04-06 22:39:46,57.8557,45.781,22.28,94,11,5.97
137,Provideniya,RU,2022-04-06 22:39:47,64.3833,-173.3,-1.64,71,0,8.99
138,Coruripe,BR,2022-04-06 22:39:47,-10.1256,-36.1756,77.16,74,2,7.29
139,Narsaq,GL,2022-04-06 22:39:47,60.9167,-46.05,34.02,84,96,2.55
140,Hammerfest,NO,2022-04-06 22:39:48,70.6634,23.6821,32.45,74,0,21.85
141,Cabo San Lucas,MX,2022-04-06 22:36:12,22.8909,-109.9124,79.61,61,0,4.0
142,Lufilufi,WS,2022-04-06 22:39:48,-13.8745,-171.5986,87.58,80,73,22.01
143,Bambous Virieux,MU,2022-04-06 22:39:49,-20.3428,57.7575,77.25,83,40,6.91
144,Bluff,NZ,2022-04-06 22:39:49,-46.6,168.3333,51.94,56,65,7.23
145,Vostok,RU,2022-04-06 22:39:49,46.4856,135.8833,25.48,52,7,10.33
146,Sur,OM,2022-04-06 22:39:50,22.5667,59.5289,83.59,46,0,8.93
147,Marzuq,YE,2022-04-06 22:39:50,14.4,46.4667,65.82,26,0,4.43
148,Bredasdorp,ZA,2022-04-06 22:39:50,-34.5322,20.0403,57.49,63,96,8.93
149,Saint-Augustin,CA,2022-04-06 22:39:51,51.226,-58.6502,36.07,85,100,13.47
150,Srandakan,ID,2022-04-06 22:39:51,-7.9386,110.2506,76.15,88,67,2.04
151,Podgorenskiy,RU,2022-04-06 22:39:51,50.405,39.6429,42.6,81,77,7.2
152,Mahebourg,MU,2022-04-06 22:39:52,-20.4081,57.7,77.29,83,40,6.91
153,Fairbanks,US,2022-04-06 22:39:52,64.8378,-147.7164,42.76,47,0,10.36
154,Ahipara,NZ,2022-04-06 22:39:53,-35.1667,173.1667,67.64,59,40,13.6
155,Comodoro Rivadavia,AR,2022-04-06 22:37:59,-45.8667,-67.5,46.26,100,100,3.44
156,Tiznit,MA,2022-04-06 22:39:53,29.5833,-9.5,51.87,75,73,5.28
157,Akdepe,TM,2022-04-06 22:39:54,42.0551,59.3788,53.69,46,95,3.8
158,Guadalupe Y Calvo,MX,2022-04-06 22:39:54,26.1,-106.9667,69.58,17,9,13.38
159,Fortuna,US,2022-04-06 22:39:54,40.5982,-124.1573,68.86,52,20,13.8
160,Husavik,IS,2022-04-06 22:39:55,66.0449,-17.3389,24.39,70,100,8.32
161,Jieshi,CN,2022-04-06 22:39:55,22.8134,115.8257,69.94,74,89,11.25
162,Mar Del Plata,AR,2022-04-06 22:39:55,-38.0023,-57.5575,75.22,70,0,11.5
163,Geraldton,AU,2022-04-06 22:39:56,-28.7667,114.6,70.21,52,47,17.27
164,Pakala,IN,2022-04-06 22:39:56,13.4667,79.1167,72.32,90,70,3.56
165,Cusuna,HN,2022-04-06 22:39:57,15.85,-85.2333,87.1,59,98,15.82
166,Padang,ID,2022-04-06 22:39:57,-0.9492,100.3543,76.1,88,100,1.61
167,Lorengau,PG,2022-04-06 22:39:58,-2.0226,147.2712,79.02,89,100,9.86
168,Sainte-Anne-Des-Monts,CA,2022-04-06 22:39:58,49.124,-66.4924,35.47,64,33,8.05
169,Egvekinot,RU,2022-04-06 22:39:59,66.3167,-179.1667,-9.6,88,86,3.31
170,Harper,LR,2022-04-06 22:39:59,4.375,-7.7169,80.31,85,77,6.76
171,Coquimbo,CL,2022-04-06 22:39:59,-29.9533,-71.3436,56.93,94,75,9.22
172,Bardiyah,LY,2022-04-06 22:40:00,31.7561,25.0865,69.85,51,63,11.9
173,Rahatgarh,IN,2022-04-06 22:40:00,23.7833,78.3667,81.64,12,64,7.56
174,San Pedro,PH,2022-04-06 22:40:00,14.35,121.0167,77.36,91,75,1.14
175,Port Alfred,ZA,2022-04-06 22:36:25,-33.5906,26.891,59.18,72,17,5.01
176,Bathsheba,BB,2022-04-06 22:41:01,13.2167,-59.5167,79.41,73,40,18.41
177,Lexington,US,2022-04-06 22:36:32,37.9887,-84.4777,52.92,86,100,1.01
178,Salekhard,RU,2022-04-06 22:41:01,66.53,66.6019,14.7,87,100,10.8
179,Waw,SS,2022-04-06 22:41:02,7.7029,27.9953,84.96,40,8,4.68
180,Necochea,AR,2022-04-06 22:41:02,-38.5473,-58.7368,63.7,72,33,7.45
181,Bilma,NE,2022-04-06 22:41:02,18.6853,12.9164,85.05,7,19,10.07
182,Bethlehem,BR,2022-04-06 22:36:40,-1.4558,-48.5044,77.04,94,75,6.91
183,Thompson,CA,2022-04-06 22:36:51,55.7435,-97.8558,32.16,93,100,12.66
184,Voznesenye,RU,2022-04-06 22:41:03,61.0106,35.4781,23.43,88,92,8.28
185,Tiksi,RU,2022-04-06 22:41:03,71.6872,128.8694,-13.27,100,100,3.65
186,Vani,GE,2022-04-06 22:41:04,42.0832,42.5216,44.29,100,75,2.3
187,Vestmanna,FO,2022-04-06 22:41:04,62.1564,-7.1664,32.92,86,75,23.02
188,Aksu,CN,2022-04-06 22:39:13,41.1231,80.2644,59.68,21,8,3.33
189,Half Moon Bay,US,2022-04-06 22:41:05,37.4636,-122.4286,87.62,19,0,4.61
190,Basco,PH,2022-04-06 22:41:05,20.4487,121.9702,74.91,75,86,19.57
191,Saint George,US,2022-04-06 22:41:06,37.1041,-113.5841,74.43,11,0,4.61
192,Morondava,MG,2022-04-06 22:41:06,-20.2833,44.2833,76.89,58,1,2.57
193,Ranong,TH,2022-04-06 22:41:06,9.9658,98.6348,76.75,85,59,2.57
194,Morant Bay,JM,2022-04-06 22:41:07,17.8815,-76.4093,85.71,80,47,10.98
195,Vryburg,ZA,2022-04-06 22:41:07,-26.9566,24.7284,54.97,47,0,8.05
196,Soubre,CI,2022-04-06 22:41:07,5.7856,-6.6083,76.98,91,100,3.18
197,Callaway,US,2022-04-06 22:37:41,30.153,-85.5699,77.05,90,75,14.97
198,Ancud,CL,2022-04-06 22:41:08,-41.8697,-73.8203,57.22,98,100,14.36
199,Matara,LK,2022-04-06 22:41:08,5.9485,80.5353,75.34,84,100,4.7
200,Oistins,BB,2022-04-06 22:41:09,13.0667,-59.5333,78.89,73,40,18.41
201,Kashi,CN,2022-04-06 22:41:09,39.4547,75.9797,63.61,19,14,8.95
202,San Carlos,VE,2022-04-06 22:41:09,9.6612,-68.5827,84.99,54,94,2.42
203,Stantsionno-Oyashinskiy,RU,2022-04-06 22:41:10,55.4664,83.8245,29.75,93,20,10.18
204,Saint-Joseph,RE,2022-04-06 22:41:10,-21.3667,55.6167,77.38,79,82,12.08
205,Gizo,SB,2022-04-06 22:41:10,-8.103,156.8419,80.65,79,100,18.77
206,Puerto Ayora,EC,2022-04-06 22:41:11,-0.7393,-90.3518,84.16,82,76,7.47
207,Lingao,CN,2022-04-06 22:41:11,19.9103,109.6859,68.58,74,40,2.84
208,San Cristobal,VE,2022-04-06 22:41:11,7.7669,-72.225,78.98,94,91,2.39
209,Dalbandin,PK,2022-04-06 22:41:12,28.8947,64.4101,73.62,26,0,6.85
210,Aiquile,BO,2022-04-06 22:41:12,-18.2041,-65.1807,59.41,81,95,3.62
211,Ponta Do Sol,PT,2022-04-06 22:41:13,32.6667,-17.1,61.43,74,5,3.38
212,Tadine,NC,2022-04-06 22:41:13,-21.55,167.8833,79.95,87,100,26.8
213,Port Lincoln,AU,2022-04-06 22:41:13,-34.7333,135.8667,61.09,69,20,15.19
214,Trinidad,BO,2022-04-06 22:41:14,-14.8333,-64.9,89.58,58,75,3.44
215,Qingyuan,CN,2022-04-06 22:41:14,23.7,113.0333,69.78,73,57,4.03
216,Pamanukan,ID,2022-04-06 22:41:14,-6.2842,107.8106,76.14,88,87,2.98
217,Yulara,AU,2022-04-06 22:41:15,-25.2406,130.9889,64.24,52,0,9.22
218,Cherskiy,RU,2022-04-06 22:41:15,68.75,161.3,-9.63,92,96,3.29
219,Kalmar,SE,2022-04-06 22:41:16,56.6616,16.3616,44.53,94,75,9.22
220,Listowel,IE,2022-04-06 22:42:16,52.4464,-9.485,44.31,76,58,25.7
221,Buraydah,SA,2022-04-06 22:42:16,26.326,43.975,77.45,10,5,8.52
222,Yuancheng,CN,2022-04-06 22:42:17,36.652,107.7896,48.33,28,0,1.03
223,Dubbo,AU,2022-04-06 22:42:17,-32.25,148.6167,62.73,94,75,8.05
224,Wasilla,US,2022-04-06 22:42:17,61.5814,-149.4394,44.58,40,20,16.11
225,Turukhansk,RU,2022-04-06 22:42:18,65.8167,87.9833,23.95,92,100,11.97
226,Hithadhoo,MV,2022-04-06 22:42:18,-0.6,73.0833,81.64,68,0,1.25
227,Sambava,MG,2022-04-06 22:42:18,-14.2667,50.1667,75.02,93,72,5.91
228,Aquin,HT,2022-04-06 22:42:19,18.2833,-73.4,78.48,76,33,4.94
229,Bani,DO,2022-04-06 22:42:19,18.2833,-70.3333,83.64,73,14,10.38
230,Majene,ID,2022-04-06 22:42:19,-3.5403,118.9707,77.56,79,82,2.84
231,Pahrump,US,2022-04-06 22:42:20,36.2083,-115.9839,81.95,6,0,5.99
232,Takoradi,GH,2022-04-06 22:42:20,4.8845,-1.7554,81.73,86,89,5.44
233,Koulikoro,ML,2022-04-06 22:42:21,14.0,-7.75,88.16,13,24,8.55
234,Klaksvik,FO,2022-04-06 22:42:21,62.2266,-6.589,34.72,77,100,40.56
235,Evensk,RU,2022-04-06 22:42:21,61.95,159.2333,16.72,72,24,4.68
236,Floriano,BR,2022-04-06 22:40:47,-6.7669,-43.0225,78.93,68,99,5.41
237,Port Blair,IN,2022-04-06 22:42:22,11.6667,92.75,77.04,88,40,0.0
238,Puerto Carreno,CO,2022-04-06 22:42:22,6.189,-67.4859,82.38,78,75,6.91
239,Ribeira Grande,PT,2022-04-06 22:42:22,38.5167,-28.7,61.83,89,100,25.14
240,Mujiayingzi,CN,2022-04-06 22:42:23,42.1167,118.7833,41.65,54,5,4.85
241,Lasa,IT,2022-04-06 22:42:23,46.6166,10.7002,47.28,96,100,2.66
242,Cidreira,BR,2022-04-06 22:42:23,-30.1811,-50.2056,68.61,76,13,13.04
243,Troitskoye,RU,2022-04-06 22:42:24,52.9821,84.6757,41.27,94,100,3.53
244,Awbari,LY,2022-04-06 22:42:24,26.5921,12.7805,84.27,8,29,13.31
245,Cochrane,CA,2022-04-06 22:38:48,51.1834,-114.4687,47.7,26,100,4.61
246,Boa Vista,BR,2022-04-06 22:42:25,2.8197,-60.6733,89.58,45,40,5.75
247,Oda,JP,2022-04-06 22:42:25,35.1833,132.5,41.77,51,25,6.31
248,Yar-Sale,RU,2022-04-06 22:42:25,66.8333,70.8333,13.75,93,100,21.07
249,Martapura,ID,2022-04-06 22:42:26,-3.4167,114.85,75.29,100,20,3.44
250,Usinsk,RU,2022-04-06 22:42:26,65.9939,57.5281,3.42,94,100,8.16
251,Kainantu,PG,2022-04-06 22:42:26,-6.2887,145.8655,66.0,81,100,2.37
252,Cockburn Town,TC,2022-04-06 22:41:21,21.4612,-71.1419,78.33,81,0,20.83
253,Torbay,CA,2022-04-06 22:39:12,47.6666,-52.7314,38.28,89,100,23.02
254,Do Gonbadan,IR,2022-04-06 22:42:27,30.3586,50.7981,66.29,22,0,2.3
255,Neyyattinkara,IN,2022-04-06 22:42:27,8.4,77.0833,78.66,88,74,2.37
256,Lagoa,PT,2022-04-06 22:42:27,39.05,-27.9833,60.89,86,100,25.88
257,Sinnamary,GF,2022-04-06 22:42:28,5.3833,-52.95,77.14,88,67,12.17
258,Tura,IN,2022-04-06 22:42:28,25.5198,90.2201,69.31,90,40,3.83
259,Norman Wells,CA,2022-04-06 22:42:28,65.282,-126.8329,30.24,47,20,8.05
260,Kirakira,SB,2022-04-06 22:42:29,-10.4544,161.9205,82.6,80,94,13.47
261,Korfez,TR,2022-04-06 22:42:29,40.7767,29.7297,47.28,65,3,2.98
262,Kamenka,RU,2022-04-06 22:42:30,51.3223,42.7678,41.05,85,100,9.71
263,Pacific Grove,US,2022-04-06 22:40:42,36.6177,-121.9166,85.33,35,0,8.05
264,San Andres,CO,2022-04-06 22:42:30,12.5847,-81.7006,84.22,74,20,9.22
265,Ambilobe,MG,2022-04-06 22:42:31,-13.2,49.05,73.6,96,77,2.35
266,Bambanglipuro,ID,2022-04-06 22:42:31,-7.95,110.2833,76.05,88,68,1.59
267,Ca Mau,VN,2022-04-06 22:42:31,9.1769,105.15,77.02,86,88,3.09
268,Suwalki,PL,2022-04-06 22:43:32,54.1118,22.9309,44.4,92,100,12.88
269,Kantang,TH,2022-04-06 22:43:32,7.4054,99.5156,74.95,91,99,1.92
270,Kapit,MY,2022-04-06 22:43:32,2.0167,112.9333,72.52,99,100,1.23
271,Manzil Salim,TN,2022-04-06 22:43:33,35.8567,8.4765,49.44,76,90,10.07
272,Tombouctou,ML,2022-04-06 22:43:33,20.0,-3.0,84.74,14,1,18.59
273,Faanui,PF,2022-04-06 22:43:33,-16.4833,-151.75,82.78,73,66,22.88
274,Nuuk,GL,2022-04-06 22:43:33,64.1835,-51.7216,27.21,93,75,8.05
275,East London,ZA,2022-04-06 22:43:34,-33.0153,27.9116,61.29,61,1,22.91
276,Capreol,CA,2022-04-06 22:43:34,46.706,-80.9225,48.9,51,100,11.5
277,Slantsy,RU,2022-04-06 22:43:35,59.1182,28.0914,28.56,84,100,5.12
278,Te Anau,NZ,2022-04-06 22:41:24,-45.4167,167.7167,49.01,66,44,1.99
279,Shizunai,JP,2022-04-06 22:43:35,42.3339,142.3669,37.42,50,41,2.01
280,Palmerston,AU,2022-04-06 22:43:35,-12.486,130.9833,77.88,91,0,1.14
281,Mpanda,TZ,2022-04-06 22:43:36,-6.3655,31.0409,64.76,97,75,2.82
282,Kondoa,TZ,2022-04-06 22:43:36,-4.9,35.7833,59.72,91,14,4.0
283,Maizuru,JP,2022-04-06 22:43:36,35.45,135.3333,55.4,68,23,3.89
284,Katangli,RU,2022-04-06 22:43:37,51.7102,143.2326,30.31,71,26,18.79
285,Kuusalu,EE,2022-04-06 22:43:37,59.4439,25.4414,30.18,80,100,7.56
286,Lompoc,US,2022-04-06 22:43:37,34.6391,-120.4579,93.34,28,0,12.66
287,Banda Aceh,ID,2022-04-06 22:43:38,5.5577,95.3222,77.79,79,100,4.14
288,Bogorodskoye,RU,2022-04-06 22:43:38,56.55,37.8833,25.75,85,38,8.84
289,Skjervoy,NO,2022-04-06 22:43:38,70.0311,20.9714,30.2,72,99,14.2
290,Shitanjing,CN,2022-04-06 22:43:39,39.2342,106.3439,47.77,22,1,6.04
291,Dalvik,IS,2022-04-06 22:43:39,65.9702,-18.5286,24.73,80,99,1.97
292,Kawalu,ID,2022-04-06 22:43:39,-7.3817,108.2082,70.34,96,68,1.68
293,Nanzhang,CN,2022-04-06 22:43:40,31.7765,111.8386,61.84,67,0,1.68
294,Tateyama,JP,2022-04-06 22:43:40,34.9833,139.8667,59.09,78,96,12.59
295,Tela,HN,2022-04-06 22:43:40,15.7833,-87.45,91.35,58,0,4.61
296,Los Llanos De Aridane,ES,2022-04-06 22:43:41,28.6585,-17.9182,60.55,77,100,16.11
297,Meulaboh,ID,2022-04-06 22:43:41,4.1363,96.1285,77.49,85,100,3.42
298,Toora-Khem,RU,2022-04-06 22:43:41,52.4675,96.11,32.74,97,97,0.72
299,Asilah,MA,2022-04-06 22:43:41,35.465,-6.0348,53.56,80,12,2.33
300,Leningradskiy,RU,2022-04-06 22:43:42,69.3833,178.4167,-1.68,95,100,19.57
301,Constitucion,CL,2022-04-06 22:43:42,-35.3333,-72.4167,56.95,76,16,13.18
302,Conde,BR,2022-04-06 22:43:42,-7.2597,-34.9075,78.26,89,75,5.75
303,Chokurdakh,RU,2022-04-06 22:43:43,70.6333,147.9167,-10.64,91,11,3.04
304,Namatanai,PG,2022-04-06 22:43:43,-3.6667,152.4333,77.02,91,100,10.96
305,Bairiki,KI,2022-04-06 22:43:43,1.3292,172.9752,84.2,74,20,16.11
306,Kulhudhuffushi,MV,2022-04-06 22:43:44,6.6221,73.07,83.17,70,17,6.2
307,Pecos,US,2022-04-06 22:43:44,31.4229,-103.4932,70.63,11,0,0.0
308,Coihaique,CL,2022-04-06 22:43:44,-45.5752,-72.0662,42.75,87,100,4.61
309,Mumford,GH,2022-04-06 22:43:45,5.2618,-0.759,81.88,86,75,5.93
310,Upata,VE,2022-04-06 22:43:45,8.0086,-62.3989,80.4,44,4,7.09
311,Nikolskoye,RU,2022-04-06 22:43:46,59.7035,30.7861,30.87,93,73,5.79
312,Alice Springs,AU,2022-04-06 22:39:47,-23.7,133.8833,69.22,32,0,4.61
313,Baykit,RU,2022-04-06 22:43:46,61.67,96.37,32.43,90,98,5.77
314,Senneterre,CA,2022-04-06 22:43:46,48.3835,-77.2328,38.8,70,89,7.78
315,Qaqortoq,GL,2022-04-06 22:44:18,60.7167,-46.0333,28.62,81,98,2.06
316,Cayenne,GF,2022-04-06 22:44:47,4.9333,-52.3333,81.09,1,75,9.22
317,Lahijan,IR,2022-04-06 22:44:47,37.2061,50.0029,56.98,89,97,6.04
318,Iquique,CL,2022-04-06 22:43:58,-20.2208,-70.1431,66.24,80,40,1.45
319,Bismarck,US,2022-04-06 22:42:52,46.8083,-100.7837,46.24,40,75,35.68
320,Woodward,US,2022-04-06 22:44:48,36.4337,-99.3904,63.63,16,0,28.77
321,Chunskiy,RU,2022-04-06 22:44:48,56.0815,99.6342,43.56,95,100,9.55
322,Taoudenni,ML,2022-04-06 22:44:48,22.6783,-3.9836,82.36,15,4,10.2
323,Puerto Escondido,MX,2022-04-06 22:43:54,15.85,-97.0667,85.03,70,0,13.8
324,Ust-Maya,RU,2022-04-06 22:44:49,60.4167,134.5333,22.87,87,100,7.87
325,Camacha,PT,2022-04-06 22:41:20,33.0833,-16.3333,56.62,77,20,9.22
326,Namibe,AO,2022-04-06 22:44:49,-15.1961,12.1522,72.88,71,1,3.44
327,Grindavik,IS,2022-04-06 22:44:49,63.8424,-22.4338,28.35,68,40,18.41
328,Zhigalovo,RU,2022-04-06 22:44:50,54.8097,105.1578,37.49,97,100,5.59
329,Merauke,ID,2022-04-06 22:44:50,-8.4667,140.3333,81.59,77,49,8.39
330,Raudeberg,NO,2022-04-06 22:44:51,61.9875,5.1352,32.67,64,6,8.01
331,Tiruchchendur,IN,2022-04-06 22:44:51,8.4833,78.1167,82.04,74,93,8.52
332,La Ronge,CA,2022-04-06 22:44:51,55.1001,-105.2842,43.02,33,40,3.44
333,Shimoda,JP,2022-04-06 22:44:52,34.6667,138.95,57.11,70,71,13.0
334,Gambo,CF,2022-04-06 22:44:52,4.6482,22.2633,69.71,97,100,2.39
335,Vasto,IT,2022-04-06 22:44:52,42.1243,14.7059,52.14,86,62,8.52
336,Prado,BR,2022-04-06 22:44:53,-17.3411,-39.2208,77.4,79,7,5.61
337,Saint Anthony,US,2022-04-06 22:44:53,45.0205,-93.218,40.1,86,100,21.85
338,Cuenca,EC,2022-04-06 22:40:02,-2.8833,-78.9833,64.53,63,75,10.36
339,Praia Da Vitoria,PT,2022-04-06 22:44:54,38.7333,-27.0667,64.65,77,40,25.77
340,Sao Joao Da Barra,BR,2022-04-06 22:44:54,-21.6403,-41.0511,75.88,83,40,9.48
341,Labuhan,ID,2022-04-06 22:44:54,-6.8844,112.2051,76.8,87,64,12.06
342,Pisco,PE,2022-04-06 22:44:55,-13.7,-76.2167,68.05,83,0,21.85
343,Vao,NC,2022-04-06 22:44:55,-22.6667,167.4833,78.96,87,100,31.81
344,Hambantota,LK,2022-04-06 22:44:55,6.1241,81.1185,77.31,76,100,1.95
345,Gambela,ET,2022-04-06 22:44:56,8.25,34.5833,79.36,63,55,8.52
346,Linares,CL,2022-04-06 22:44:56,-35.85,-71.6,68.32,33,14,4.92
347,Vila Franca Do Campo,PT,2022-04-06 22:44:56,37.7167,-25.4333,63.01,88,73,14.88
348,Rupert,US,2022-04-06 22:44:56,42.6191,-113.6772,50.18,21,0,5.75
349,Bugene,TZ,2022-04-06 22:44:57,-1.5911,31.1403,57.24,94,43,1.54
350,Komsomolskiy,UZ,2022-04-06 22:44:57,40.4272,71.7189,61.52,48,28,6.91
351,Clyde River,CA,2022-04-06 22:44:58,70.4692,-68.5914,3.43,78,20,4.61
352,Vila,PT,2022-04-06 22:44:58,42.0304,-8.1588,43.68,83,53,3.58
353,Elat,IL,2022-04-06 22:44:58,29.5581,34.9482,84.04,11,34,6.91
354,Bonito,BR,2022-04-06 22:44:58,-21.1211,-56.4819,75.94,84,72,2.24
355,Henties Bay,NA,2022-04-06 22:44:59,-22.116,14.2845,61.02,85,4,9.64
356,Istok,XK,2022-04-06 22:44:59,42.7808,20.4875,48.51,70,71,1.1
357,Sheregesh,RU,2022-04-06 22:44:59,52.9209,87.9869,38.95,98,100,4.14
358,Somerset West,ZA,2022-04-06 22:45:00,-34.084,18.8211,57.87,83,82,7.99
359,Luderitz,NA,2022-04-06 22:45:00,-26.6481,15.1594,62.55,62,100,24.36
360,Gewane,ET,2022-04-06 22:45:00,10.1664,40.6453,79.66,31,5,4.9
361,Brigantine,US,2022-04-06 22:46:01,39.4101,-74.3646,53.04,95,100,6.91
362,Faya,SA,2022-04-06 22:46:01,18.3851,42.4509,62.71,12,0,6.06
363,Hofn,IS,2022-04-06 22:46:01,64.2539,-15.2082,29.23,60,0,27.25
364,San Martin,AR,2022-04-06 22:46:02,-33.081,-68.4681,79.34,31,0,5.14
365,Paracatu,BR,2022-04-06 22:46:02,-17.2222,-46.8747,74.86,54,6,1.99
366,Toktogul,KG,2022-04-06 22:46:02,41.8708,72.9402,57.25,48,75,3.38
367,Nobeoka,JP,2022-04-06 22:46:03,32.5833,131.6667,59.27,55,90,2.28
368,Northam,GB,2022-04-06 22:46:03,51.0333,-4.2167,50.25,92,97,29.59
369,Pasighat,IN,2022-04-06 22:46:03,28.0667,95.3333,68.23,84,54,2.82
370,Laguna,US,2022-04-06 22:46:04,38.421,-121.4238,85.1,20,0,8.05
371,Grand Forks,US,2022-04-06 22:43:20,47.9417,-97.4337,35.53,93,75,34.52
372,Nalut,LY,2022-04-06 22:46:04,30.3333,10.85,73.53,15,0,12.91
373,Vila Velha,BR,2022-04-06 22:46:04,-20.3297,-40.2925,80.55,84,75,11.99
374,Sakaraha,MG,2022-04-06 22:46:05,-22.9,44.5333,69.48,79,9,1.19
375,Adrar,MR,2022-04-06 22:46:05,20.5022,-10.0711,74.48,22,5,13.11
376,Asekeyevo,RU,2022-04-06 22:46:05,53.5742,52.7972,38.77,91,100,14.36
377,Totness,SR,2022-04-06 22:46:06,5.8833,-56.3167,77.36,86,62,11.05
378,El Dorado,US,2022-04-06 22:46:06,38.7666,-120.5177,77.41,36,7,3.0
379,Kastamonu,TR,2022-04-06 22:46:06,41.5,33.6667,40.3,94,0,2.08
380,Claremore,US,2022-04-06 22:46:07,36.3126,-95.6161,67.1,40,40,14.97
381,Charleston,US,2022-04-06 22:46:07,32.7766,-79.9309,74.1,91,20,11.5
382,Champasak,LA,2022-04-06 22:46:07,14.75,106.0,70.61,87,100,1.1
383,Dakar,SN,2022-04-06 22:46:08,14.6937,-17.4441,70.68,83,5,11.5
384,Hirado,JP,2022-04-06 22:46:08,33.3597,129.5531,56.39,71,33,7.63
385,Zapolyarnyy,RU,2022-04-06 22:46:08,69.4154,30.8136,29.48,95,100,13.42
386,Dandong,CN,2022-04-06 22:43:13,40.1292,124.3947,41.81,53,55,7.99
387,Pincher Creek,CA,2022-04-06 22:45:04,49.4833,-113.952,49.69,24,20,23.02
388,Jalingo,NG,2022-04-06 22:46:09,8.8833,11.3667,81.75,59,32,4.23
389,Axim,GH,2022-04-06 22:46:09,4.8699,-2.2405,81.12,87,84,4.23
390,Rosarito,MX,2022-04-06 22:46:09,32.3333,-117.0333,80.24,56,5,5.46
391,Tongliao,CN,2022-04-06 22:46:10,43.6125,122.2653,35.31,46,5,7.83
392,Cururupu,BR,2022-04-06 22:46:10,-1.8283,-44.8683,74.26,95,70,2.84
393,Puerto Quijarro,BO,2022-04-06 22:46:10,-17.7833,-57.7667,85.1,47,100,1.39
394,Muzhi,RU,2022-04-06 22:46:11,65.3667,64.6667,15.93,77,100,17.9
395,Kitami,JP,2022-04-06 22:46:11,43.8031,143.8908,37.11,52,39,6.26
396,Hay River,CA,2022-04-06 22:42:19,60.8156,-115.7999,46.38,36,20,4.61
397,Havoysund,NO,2022-04-06 22:46:12,70.9963,24.6622,34.03,78,99,24.74
398,Murray Bridge,AU,2022-04-06 22:46:12,-35.1167,139.2667,61.12,75,0,9.13
399,Olafsvik,IS,2022-04-06 22:46:12,64.8945,-23.7142,27.19,57,14,14.16
400,Srednekolymsk,RU,2022-04-06 22:46:13,67.45,153.6833,0.88,88,73,6.06
401,Ust-Tsilma,RU,2022-04-06 22:46:13,65.441,52.1498,19.99,92,96,7.92
402,Sabang,ID,2022-04-06 22:46:13,5.8933,95.3214,81.39,68,100,1.34
403,Miramar,US,2022-04-06 22:45:02,25.9873,-80.2323,90.01,70,0,14.97
404,Tsabong,BW,2022-04-06 22:46:14,-26.0217,22.401,62.83,38,3,9.89
405,Vestmannaeyjar,IS,2022-04-06 22:46:14,63.4427,-20.2734,30.58,54,0,12.33
406,Severnyy,RU,2022-04-06 22:46:15,50.677,36.5532,48.24,66,0,4.47
407,Souillac,MU,2022-04-06 22:42:35,-20.5167,57.5167,77.38,83,40,6.91
408,North Myrtle Beach,US,2022-04-06 22:46:15,33.816,-78.68,77.13,90,40,9.22
409,Tshikapa,CD,2022-04-06 22:47:15,-6.4167,20.8,69.66,93,91,1.3
410,Ecija,ES,2022-04-06 22:47:16,37.5422,-5.0826,47.98,91,4,3.47
411,Esna,EG,2022-04-06 22:47:16,25.2934,32.554,87.82,10,0,4.83
412,Ouadda,CF,2022-04-06 22:47:16,8.0777,22.4007,73.83,75,85,6.4
413,Mildura,AU,2022-04-06 22:47:17,-34.2,142.15,59.07,82,3,6.91
414,Riyadh,SA,2022-04-06 22:45:01,24.6877,46.7219,82.54,11,58,9.93
415,Sirathu,IN,2022-04-06 22:47:17,25.65,81.3167,78.71,10,14,2.48
416,Codrington,AU,2022-04-06 22:47:18,-38.2667,141.9667,63.54,67,92,11.32
417,Yaan,NG,2022-04-06 22:47:18,7.3833,8.5667,81.32,59,98,4.38
418,Enshi,CN,2022-04-06 22:47:18,30.3,109.4833,55.31,86,0,1.14
419,Abha,SA,2022-04-06 22:47:01,18.2164,42.5053,62.42,10,0,0.0
420,Bocana De Paiwas,NI,2022-04-06 22:47:19,12.7857,-85.1227,88.68,46,95,11.43
421,Gat,IL,2022-04-06 22:46:03,31.61,34.7642,62.78,100,12,6.73
422,Panalingaan,PH,2022-04-06 22:47:19,8.7842,117.4231,77.13,82,100,1.19
423,Mehamn,NO,2022-04-06 22:47:20,71.0357,27.8492,33.75,64,75,19.57
424,Queimadas,BR,2022-04-06 22:47:20,-10.9783,-39.6264,80.64,48,29,14.63
425,Shelburne,CA,2022-04-06 22:46:39,44.0787,-80.2041,52.56,80,100,14.81
426,Nibbar,TN,2022-04-06 22:47:20,36.2941,8.7666,53.51,71,40,9.22
427,Gonbad-E Qabus,IR,2022-04-06 22:47:21,37.25,55.1672,61.05,49,53,2.46
428,La Ciotat,FR,2022-04-06 22:47:21,43.1748,5.6045,53.82,78,56,17.25
429,Puerto Maldonado,PE,2022-04-06 22:47:21,-12.6,-69.1833,82.8,78,0,1.14
430,Atar,MR,2022-04-06 22:47:22,20.5169,-13.0499,76.35,22,5,12.5
431,Teguldet,RU,2022-04-06 22:47:22,57.3064,88.1667,33.4,95,100,8.77
432,Kluang,MY,2022-04-06 22:47:22,2.0251,103.3328,73.45,95,100,1.05
433,Kloulklubed,PW,2022-04-06 22:45:08,7.0419,134.2556,73.9,87,100,10.74
434,Itaituba,BR,2022-04-06 22:47:23,-4.2761,-55.9836,74.23,97,92,1.66
435,Lata,PT,2022-04-06 22:47:23,40.1629,-8.3327,54.81,96,80,1.7
436,Shakhtinsk,KZ,2022-04-06 22:47:23,49.71,72.5872,32.32,83,60,8.08
437,Porbandar,IN,2022-04-06 22:47:24,21.6422,69.6093,79.54,69,29,10.92
438,Tucuman,AR,2022-04-06 22:42:39,-26.8241,-65.2226,77.0,69,40,3.44
439,Moroni,KM,2022-04-06 22:47:24,-11.7022,43.2551,80.17,78,63,3.4
440,Hukuntsi,BW,2022-04-06 22:47:25,-24.0,21.75,63.95,30,0,11.18
441,Spencer,US,2022-04-06 22:47:25,43.1414,-95.1444,41.11,69,100,23.02
442,Kajaani,FI,2022-04-06 22:47:25,64.2273,27.7285,21.25,86,20,11.5
443,Kashin,RU,2022-04-06 22:47:26,57.3592,37.6081,23.94,88,42,9.26
444,Valreas,FR,2022-04-06 22:47:26,44.3837,4.9908,50.88,75,89,7.58
445,Ilulissat,GL,2022-04-06 22:44:15,69.2167,-51.1,19.27,91,100,4.76
446,Shiyan,CN,2022-04-06 22:47:27,32.6475,110.7781,60.89,57,0,2.57
447,Caravelas,BR,2022-04-06 22:44:42,-17.7125,-39.2481,76.93,81,26,4.34
448,Berdigestyakh,RU,2022-04-06 22:47:27,62.0989,126.6992,0.95,96,89,4.68
449,Torrington,US,2022-04-06 22:47:27,41.8007,-73.1212,49.55,94,100,5.01
450,Bilokurakyne,UA,2022-04-06 22:47:28,49.5341,38.7307,48.81,66,98,10.31
451,Zalantun,CN,2022-04-06 22:47:28,48.0,122.7167,25.65,42,0,5.82
452,Ikom,NG,2022-04-06 22:47:28,5.9667,8.7063,76.55,78,100,2.86
453,Okhotsk,RU,2022-04-06 22:47:29,59.3833,143.3,26.49,94,100,32.1
454,Ibra,OM,2022-04-06 22:47:29,22.6906,58.5334,76.46,38,0,0.87
455,Mount Isa,AU,2022-04-06 22:47:29,-20.7333,139.5,78.57,22,0,13.8
456,Sola,VU,2022-04-06 22:47:30,-13.8833,167.55,83.28,73,100,14.41
457,Palana,RU,2022-04-06 22:47:30,59.1167,159.9667,22.64,70,70,4.68
458,Guacimo,CR,2022-04-06 22:48:30,10.2104,-83.6807,81.32,76,88,4.36
459,Lensk,RU,2022-04-06 22:48:31,60.7253,114.9278,16.36,90,100,4.43
460,Jega,NG,2022-04-06 22:48:31,12.2175,4.3792,92.26,24,98,4.29
461,Salinopolis,BR,2022-04-06 22:48:31,-0.6136,-47.3561,76.57,90,94,4.14
462,Kalemie,CD,2022-04-06 22:48:32,-5.9475,29.1947,69.89,86,78,4.43
463,Kieta,PG,2022-04-06 22:48:32,-6.2167,155.6333,77.5,94,100,9.57
464,Halifax,CA,2022-04-06 22:45:22,44.6453,-63.5724,49.89,40,75,11.5
465,Wewak,PG,2022-04-06 22:48:32,-3.5534,143.6268,79.86,85,100,4.16
466,Nara,JP,2022-04-06 22:48:33,34.6851,135.8049,55.71,50,50,0.67
467,Isangel,VU,2022-04-06 22:48:33,-19.55,169.2667,77.5,90,100,18.61
468,Mersing,MY,2022-04-06 22:48:33,2.4312,103.8405,73.31,100,99,5.75
469,Isabela,PH,2022-04-06 22:45:56,6.7085,121.9711,77.05,90,100,8.61
470,Simdega,IN,2022-04-06 22:48:34,22.6167,84.5167,73.35,15,2,2.86
471,Cermik,TR,2022-04-06 22:48:34,38.1361,39.4493,55.67,71,50,7.61
472,Maningrida,AU,2022-04-06 22:48:34,-12.0667,134.2667,80.02,84,33,4.83
473,Sakakah,SA,2022-04-06 22:48:35,29.9697,40.2064,76.57,21,4,15.88
474,Zyryanka,RU,2022-04-06 22:48:35,65.75,150.85,-1.79,95,99,3.83
475,San Antonio,US,2022-04-06 22:47:55,29.4241,-98.4936,82.15,21,0,16.11
476,Staryy Nadym,RU,2022-04-06 22:48:35,65.6118,72.6842,14.52,91,100,20.89
477,Tokaj,HU,2022-04-06 22:48:36,48.1167,21.4167,42.03,82,36,3.06
478,Knysna,ZA,2022-04-06 22:48:36,-34.0363,23.0471,57.38,78,62,14.29
479,Lazurne,UA,2022-04-06 22:48:36,46.084,32.5295,45.45,85,57,13.69
480,Inhambane,MZ,2022-04-06 22:48:37,-23.865,35.3833,74.88,82,15,9.6
481,Tommot,RU,2022-04-06 22:48:37,58.9564,126.2925,9.16,92,99,4.41
482,Mafinga,TZ,2022-04-06 22:48:37,-7.25,35.0667,67.15,84,94,1.74
483,Liepaja,LV,2022-04-06 22:48:38,56.5419,21.0367,42.78,93,100,23.02
484,Pochutla,MX,2022-04-06 22:48:38,15.7432,-96.4661,84.81,54,6,10.67
485,Limbang,MY,2022-04-06 22:48:39,4.75,115.0,75.31,97,100,2.37
486,Socorro,US,2022-04-06 22:48:25,31.6546,-106.3033,86.49,12,0,8.05
487,Leiyang,CN,2022-04-06 22:48:39,26.4024,112.8591,62.6,84,90,0.92
488,Ayr,GB,2022-04-06 22:48:39,55.4627,-4.6339,41.5,87,75,6.91
489,Broome,US,2022-04-06 22:48:40,42.2506,-75.833,55.78,80,100,11.5
490,Kalmunai,LK,2022-04-06 22:48:40,7.4167,81.8167,77.29,83,99,3.29
491,Tall Kayf,TR,2022-04-06 22:48:40,37.0833,41.0667,63.34,36,88,9.44
492,Fare,PF,2022-04-06 22:48:41,-16.7,-151.0167,82.71,71,34,22.28
493,Aktash,RU,2022-04-06 22:48:41,50.3,87.7333,22.98,68,95,4.05
494,Cody,US,2022-04-06 22:48:41,44.5263,-109.0565,45.91,21,100,13.8
495,Havelock,US,2022-04-06 22:48:42,34.8791,-76.9013,80.55,81,0,5.75
496,Rocha,UY,2022-04-06 22:48:42,-34.4833,-54.3333,63.52,70,0,6.53
497,Maunabo,PR,2022-04-06 22:48:42,18.0072,-65.8993,80.44,74,15,11.79
498,Muslyumovo,RU,2022-04-06 22:48:43,55.3033,53.1947,34.79,98,100,13.11
499,Benin,BJ,2022-04-06 22:48:43,9.5,2.25,87.8,40,27,9.42
500,Vigrestad,NO,2022-04-06 22:48:43,58.5667,5.7,37.58,86,100,22.64
501,Chifeng,CN,2022-04-06 22:48:44,42.2683,118.9636,42.62,49,19,3.13
502,Terrasini,IT,2022-04-06 22:48:44,38.146,13.0844,60.37,74,40,14.97
503,Quatre Cocos,MU,2022-04-06 22:48:44,-20.2078,57.7625,77.11,78,69,13.76
504,Guerrero Negro,MX,2022-04-06 22:45:50,27.9769,-114.0611,73.56,44,0,14.47
505,Banska Stiavnica,SK,2022-04-06 22:48:45,48.4486,18.91,47.25,85,98,7.0
506,Kangaatsiaq,GL,2022-04-06 22:48:45,68.3065,-53.4641,11.71,91,100,10.31
507,Nyurba,RU,2022-04-06 22:49:45,63.2842,118.3319,5.85,95,93,4.65
508,Ambikapur,IN,2022-04-06 22:49:46,23.1167,83.2,72.39,11,7,4.36
509,Kirkland Lake,CA,2022-04-06 22:49:46,48.1446,-80.0377,46.69,36,100,13.24
510,Cambe,BR,2022-04-06 22:49:46,-23.2758,-51.2783,79.48,74,20,4.61
511,Katherine,AU,2022-04-06 22:49:47,-14.4667,132.2667,79.12,78,78,4.61
512,Nishihara,JP,2022-04-06 22:49:47,26.1842,127.7558,65.48,73,20,6.91
513,Stornoway,GB,2022-04-06 22:49:47,58.2093,-6.3865,39.16,92,75,36.82
514,Batalha,BR,2022-04-06 22:49:48,-9.6778,-37.1247,76.14,71,55,9.8
515,Asau,RO,2022-04-06 22:49:48,46.4333,26.4,43.72,74,8,3.69
516,Lishu,CN,2022-04-06 22:49:48,43.3047,124.3278,35.56,37,29,11.41
517,Mount Gambier,AU,2022-04-06 22:49:48,-37.8333,140.7667,57.11,100,100,10.36
518,Rexburg,US,2022-04-06 22:47:24,43.826,-111.7897,48.18,14,0,13.8
519,Sioux Lookout,CA,2022-04-06 22:49:49,50.1001,-91.917,35.67,93,100,12.66
520,Saint-Georges,GD,2022-04-06 22:49:18,12.0564,-61.7485,78.48,83,75,23.02
521,Cabra,ES,2022-04-06 22:49:49,37.4725,-4.4421,45.59,81,4,2.62
522,Talnakh,RU,2022-04-06 22:49:50,69.4865,88.3972,19.98,95,99,5.59
523,Nanchang,CN,2022-04-06 22:45:59,28.6833,115.8833,64.06,66,57,0.92
524,Lokosovo,RU,2022-04-06 22:49:50,61.1333,74.8167,24.75,87,99,16.78
525,Varzob,TJ,2022-04-06 22:49:50,38.7737,68.8178,55.13,26,82,9.64
526,Atherton,GB,2022-04-06 22:49:51,53.5237,-2.4935,46.89,74,67,7.0
527,Flinders,AU,2022-04-06 22:47:42,-34.5833,150.8552,64.38,91,100,3.0
528,Bauchi,NG,2022-04-06 22:49:51,10.5,10.0,81.88,15,28,4.03
529,Beaumont,US,2022-04-06 22:49:52,30.0861,-94.1019,85.98,44,0,20.71
530,Polovinnoye,RU,2022-04-06 22:49:52,54.7914,65.9864,31.96,87,76,6.87
531,Bijie,CN,2022-04-06 22:49:52,27.3125,105.2942,47.03,69,70,3.94
532,Touros,BR,2022-04-06 22:49:53,-5.1989,-35.4608,80.06,77,36,11.05
533,Xichang,CN,2022-04-06 22:49:53,27.8964,102.2634,45.84,90,51,1.21
534,Weligama,LK,2022-04-06 22:49:53,5.9667,80.4167,75.43,83,100,4.79
535,Amahai,ID,2022-04-06 22:49:53,-3.3333,128.9167,79.79,79,100,1.36
536,Little Current,CA,2022-04-06 22:45:38,45.9793,-81.9248,44.42,97,100,20.24
537,Ukiah,US,2022-04-06 22:45:03,39.1502,-123.2078,88.38,22,0,3.44
538,Pratapgarh,IN,2022-04-06 22:49:54,24.0333,74.7833,82.0,17,83,5.08
539,Alta Gracia,AR,2022-04-06 22:49:54,-31.6529,-64.4283,76.89,63,0,6.58
540,Nemuro,JP,2022-04-06 22:49:55,43.3236,145.575,35.62,70,76,10.51
541,Puerto Narino,CO,2022-04-06 22:49:55,-3.7703,-70.3831,76.23,90,34,1.79
542,Tyukod,HU,2022-04-06 22:49:55,47.8538,22.5633,46.49,84,38,9.17
543,Sao Jose Da Coroa Grande,BR,2022-04-06 22:49:56,-8.8978,-35.1478,78.75,74,85,6.6
544,Riohacha,CO,2022-04-06 22:49:56,11.5444,-72.9072,82.51,78,40,13.8
545,San Ramon,US,2022-04-06 22:46:04,37.7799,-121.978,86.45,20,0,11.5
546,Kristinehamn,SE,2022-04-06 22:49:57,59.3098,14.1081,27.16,73,100,7.38
547,Lakes Entrance,AU,2022-04-06 22:49:57,-37.8811,147.981,60.17,76,86,11.72
548,Cansancao,BR,2022-04-06 22:49:57,-10.6672,-39.4992,80.44,40,42,13.87
549,Puerto Madryn,AR,2022-04-06 22:49:58,-42.7692,-65.0385,57.65,77,73,20.56
550,Tezu,IN,2022-04-06 22:49:58,27.9167,96.1667,67.71,80,71,3.29
551,San Policarpo,PH,2022-04-06 22:49:58,12.1791,125.5072,78.48,90,100,16.11
552,Belyy Yar,RU,2022-04-06 22:49:59,53.6039,91.3903,55.29,50,0,11.18
553,Ocos,GT,2022-04-06 22:49:59,14.5094,-92.1933,84.97,66,4,11.39
554,Emerald,AU,2022-04-06 22:47:58,-23.5333,148.1667,75.34,69,100,10.36
555,Jesup,US,2022-04-06 22:50:59,31.6074,-81.8854,82.33,65,40,8.05
